track_id,track_name,artist_id,album_id,duration,release_date,popularity,danceability,energy,key,loudness,mode,speechiness,acousticness,instrumentalness,liveness,valence,tempo
2rk5DdEFF6wJ13Wrwm2sy6,00:00 (Zero O’Clock),3Nrfpe0tUJi4K4DXYWgMUX,spotify:album:7HXqq0fokRpOKG0bQW4xnB,250295,2020-02-21,46,0.566,0.548,1,-6.456,1,0.0579,0.0802,0.0,0.11,0.196,157.999
1TEEi8aHzb4tGcLJdsepb1,My Time,3Nrfpe0tUJi4K4DXYWgMUX,spotify:album:7HXqq0fokRpOKG0bQW4xnB,234457,2020-02-21,46,0.674,0.64,0,-5.139,0,0.0339,0.151,0.0,0.0925,0.664,99.908
15xT6IkTumRGbbSim0t11u,Louder than bombs,3Nrfpe0tUJi4K4DXYWgMUX,spotify:album:7HXqq0fokRpOKG0bQW4xnB,217404,2020-02-21,45,0.643,0.667,0,-6.993,0,0.152,0.0433,0.0,0.0904,0.485,145.999
1aKuG1GG76xPLUkjBbQo3W,UGH!,3Nrfpe0tUJi4K4DXYWgMUX,spotify:album:6mJZTV8lCqnwftYZa94bXS,225012,2020-02-21,80,0.72,0.824,10,-5.086,0,0.128,0.0394,0.0,0.0509,0.333,165.998
5LCP80MqF8AqHi0WZZGuwJ,Friends,3Nrfpe0tUJi4K4DXYWgMUX,spotify:album:7HXqq0fokRpOKG0bQW4xnB,199338,2020-02-21,46,0.55,0.747,1,-5.211,1,0.0407,0.0668,0.0,0.0536,0.648,79.98
3bSrpGWHrMlwZ0TdBMXv1p,Inner Child,3Nrfpe0tUJi4K4DXYWgMUX,spotify:album:7HXqq0fokRpOKG0bQW4xnB,233265,2020-02-21,45,0.589,0.696,11,-7.981,1,0.0725,0.017,0.0,0.0808,0.332,134.953
1xfXXujIlLZAx5wpu46Nyk,Moon,3Nrfpe0tUJi4K4DXYWgMUX,spotify:album:6mJZTV8lCqnwftYZa94bXS,208589,2020-02-21,78,0.703,0.646,6,-6.658,1,0.0596,0.0104,0.0,0.191,0.64,141.87
3bHKTyjnhkhCOpTDYTMZmN,We are Bulletproof : the Eternal,3Nrfpe0tUJi4K4DXYWgMUX,spotify:album:7HXqq0fokRpOKG0bQW4xnB,261542,2020-02-21,44,0.526,0.575,9,-5.215,0,0.0309,0.225,0.0,0.108,0.19,84.047
07KegcFokV4bBD1GvO1j6L,Respect,3Nrfpe0tUJi4K4DXYWgMUX,spotify:album:7HXqq0fokRpOKG0bQW4xnB,237540,2020-02-21,43,0.661,0.84,0,-4.805,1,0.116,0.00485,0.0,0.287,0.524,91.457
2Nib4r0saYQf2pUV4RFDhl,Interlude : Shadow,3Nrfpe0tUJi4K4DXYWgMUX,spotify:album:6mJZTV8lCqnwftYZa94bXS,259821,2020-02-21,78,0.385,0.798,9,-6.439,0,0.483,0.115,0.0,0.181,0.141,149.756
2ezpl1QGsrICxQwl039Yoe,Outro : Ego,3Nrfpe0tUJi4K4DXYWgMUX,spotify:album:7HXqq0fokRpOKG0bQW4xnB,196198,2020-02-21,43,0.808,0.903,0,-3.106,1,0.0958,0.0121,0.000233,0.0993,0.473,116.988
7MZF7YLxOP2to9iblSulLc,Modern Loneliness,5JZ7CnR6gTvEMKX4g70Amv,spotify:album:0YuPbtHpnpGEhyjg0rCyEi,252337,2020-02-20,73,0.702,0.508,8,-7.105,1,0.035,0.144,0.0,0.108,0.143,82.008
2QyuXBcV1LJ2rq01KhreMF,ON,3Nrfpe0tUJi4K4DXYWgMUX,spotify:album:6mJZTV8lCqnwftYZa94bXS,246380,2020-02-21,86,0.583,0.817,9,-5.146,0,0.0987,0.118,0.0,0.338,0.438,105.936
4AlihYDqxXshKhvh5tnMfP,00:00 (Zero O’Clock),3Nrfpe0tUJi4K4DXYWgMUX,spotify:album:6mJZTV8lCqnwftYZa94bXS,250295,2020-02-21,80,0.566,0.548,1,-6.456,1,0.0579,0.0802,0.0,0.11,0.196,157.999
3bkkMZEAhx7rTVz1C0itRQ,Black Swan,3Nrfpe0tUJi4K4DXYWgMUX,spotify:album:6mJZTV8lCqnwftYZa94bXS,198260,2020-02-21,79,0.719,0.758,2,-5.167,0,0.0851,0.137,0.0,0.129,0.49,147.023
7w05lsU2VLSeiT8Nukrv5M,Friends,3Nrfpe0tUJi4K4DXYWgMUX,spotify:album:6mJZTV8lCqnwftYZa94bXS,199338,2020-02-21,79,0.55,0.747,1,-5.211,1,0.0407,0.0668,0.0,0.0536,0.648,79.98
4vTgx6h4seHvkuFh84JXYP,My Time,3Nrfpe0tUJi4K4DXYWgMUX,spotify:album:6mJZTV8lCqnwftYZa94bXS,234457,2020-02-21,81,0.674,0.64,0,-5.139,0,0.0339,0.151,0.0,0.0925,0.664,99.908
3op7HNwLli54MBjFGzIlZO,Louder than bombs,3Nrfpe0tUJi4K4DXYWgMUX,spotify:album:6mJZTV8lCqnwftYZa94bXS,217404,2020-02-21,80,0.643,0.667,0,-6.993,0,0.152,0.0433,0.0,0.0904,0.485,145.999
4BKOjYosPhw334moS3wlbO,Inner Child,3Nrfpe0tUJi4K4DXYWgMUX,spotify:album:6mJZTV8lCqnwftYZa94bXS,233265,2020-02-21,79,0.589,0.696,11,-7.981,1,0.0725,0.017,0.0,0.0808,0.332,134.953
44WLOqH7QayQOQdeUHeKUK,We are Bulletproof : the Eternal,3Nrfpe0tUJi4K4DXYWgMUX,spotify:album:6mJZTV8lCqnwftYZa94bXS,261542,2020-02-21,80,0.526,0.575,9,-5.215,0,0.0309,0.225,0.0,0.108,0.19,84.047
3r9FFjLrAIQjoR8pSHVPC9,Outro : Ego,3Nrfpe0tUJi4K4DXYWgMUX,spotify:album:6mJZTV8lCqnwftYZa94bXS,196198,2020-02-21,78,0.808,0.903,0,-3.106,1,0.0958,0.0121,0.000233,0.0993,0.473,116.988
37TSJmYKLxXmx8OehFpqMN,Respect,3Nrfpe0tUJi4K4DXYWgMUX,spotify:album:6mJZTV8lCqnwftYZa94bXS,237540,2020-02-21,76,0.661,0.84,0,-4.805,1,0.116,0.00485,0.0,0.287,0.524,91.457
6XXYdF6pJR1K3wKvuxmu7n,Feel Me,0C8ZW7ezQVs4URX5aX7Kqx,spotify:album:6gldP4RkBjKhVb6SgeVuFd,226002,2020-02-21,84,0.71,0.808,2,-6.703,0,0.0433,0.44,0.000773,0.0734,0.392,99.989
22LAwLoDA5b4AaGSkg6bKW,Blueberry Faygo,5zctI4wO9XSKS8XwcnqEHk,spotify:album:2a1AHCq835BXUcX1aTTWqQ,162546,2020-02-06,85,0.774,0.554,0,-7.909,1,0.0383,0.207,0.0,0.132,0.349,99.034
54b8IPvheXDpro2VR2rWAS,Ivana,2EGJbNf0Hva2C2N6hvhMXD,spotify:album:10stEx5J17TekHdjeh9dOJ,246550,2020-01-06,70,0.87,0.483,8,-7.441,1,0.297,0.281,0.0,0.0526,0.611,100.012
2ctqjxISMsrkCg7YdGkECu,Normalan,6ogIjp0fsbUxlqy9q2rvrT,spotify:album:2K8iiECJSWOrnctPw0V7MO,223157,2020-02-21,62,0.765,0.438,8,-12.356,1,0.0558,0.524,1.54e-05,0.194,0.506,114.011
4z1rk9qlsqhp5LJm5qvXZF,Mean It,5JZ7CnR6gTvEMKX4g70Amv,spotify:album:0YuPbtHpnpGEhyjg0rCyEi,232853,2020-02-20,69,0.746,0.45,7,-8.543,1,0.0872,0.0407,0.0,0.172,0.336,95.998
33N0DfqkeNyir1emyxNVG5,Tattoos Together,5JZ7CnR6gTvEMKX4g70Amv,spotify:album:0YuPbtHpnpGEhyjg0rCyEi,186613,2020-02-20,66,0.862,0.4,4,-7.486,1,0.0736,0.00575,7.49e-06,0.123,0.596,122.963
0pHjZH7OkpgqSamCuophui,Feelings,5JZ7CnR6gTvEMKX4g70Amv,spotify:album:0YuPbtHpnpGEhyjg0rCyEi,189613,2020-02-20,60,0.694,0.466,9,-6.758,1,0.0384,0.0934,0.0,0.098,0.246,103.018
3Hig6FDiszzWDPIKSP9swE,"fuck, i'm lonely",5JZ7CnR6gTvEMKX4g70Amv,spotify:album:0YuPbtHpnpGEhyjg0rCyEi,198973,2020-02-20,63,0.806,0.558,9,-6.46,1,0.0683,0.482,0.0,0.0618,0.678,95.016
58GV8DCjojFSplLejcHIYu,i'm so tired...,5JZ7CnR6gTvEMKX4g70Amv,spotify:album:0YuPbtHpnpGEhyjg0rCyEi,162582,2020-02-20,63,0.599,0.733,11,-7.058,1,0.203,0.176,0.0,0.242,0.534,102.211
6C2BUJcHeWqFX7uKBDWXoT,Changes,5JZ7CnR6gTvEMKX4g70Amv,spotify:album:0YuPbtHpnpGEhyjg0rCyEi,160186,2020-02-20,62,0.532,0.455,2,-8.366,1,0.156,0.452,0.0,0.237,0.204,148.182
3PgjBOoA5OytNGkglObpOd,Sa Susunod na Habang Buhay,4DAcJXcjX0zlQAZAPAx4Zb,spotify:album:0U3q2NgWn97Fsns6dg7CzD,288189,2020-02-28,74,0.311,0.342,2,-8.889,1,0.032,0.432,1.93e-06,0.114,0.274,177.158
5RUUkFNqH3GRKHg1xjprOb,Old Me,5Rl15oVamLq7FbSb0NNBNy,spotify:album:4VaepdvunK8gHTIdSeiHsC,184666,2020-02-21,80,0.721,0.621,0,-3.639,1,0.0483,0.304,0.0,0.266,0.473,127.976
2kJu14V7hbZw3I4K8L8SXb,Stupid Love,1HY2Jd0NmPuamShAr6KMms,spotify:album:2HDW1EX8IBI3jqobswAfrZ,193530,2020-02-28,90,0.676,0.815,8,-4.294,1,0.0625,0.00146,0.00041,0.275,0.796,117.973
4MdcsdRj7i8eBm0qFjO4L4,Feel Me,0C8ZW7ezQVs4URX5aX7Kqx,spotify:album:05b4SazhZ2bZFxV5fWi54E,226002,2020-01-10,67,0.71,0.808,2,-6.703,0,0.0433,0.44,0.000773,0.0734,0.392,99.989
463PQggkmk5tTw8ug0ahOX,The Other Side (from Trolls World Tour),7tYKF4w9nC0nq9CsPZTHyP,spotify:album:50ZTMRi6Biq1i1pWbcaKaJ,188186,2020-02-26,83,0.761,0.607,7,-6.274,1,0.0964,0.00277,0.0,0.132,0.71,105.979
1x8pFCRfBnDqckyB6mlZci,Titig,7dxr6AabRWhsfYRyVJlErK,spotify:album:4tk561oaKN5jhKhu8XuP1W,259114,2019-12-15,63,0.797,0.447,8,-8.452,1,0.28,0.146,0.0,0.0877,0.645,79.003
2qG81jL9UIP54uS8gYyP4k,Who (feat. BTS),5JZ7CnR6gTvEMKX4g70Amv,spotify:album:6EgJXcGqaUvgZIF9bqPXfP,180413,2020-03-06,83,0.632,0.345,11,-8.0,0,0.0349,0.551,0.0,0.104,0.0818,141.641
2lgz3yy1AyoceOVOOBmiOS,Stickwitu,6wPhSqRtPu1UhRCDX5yaDJ,spotify:album:53zV9rZ5yfWgigsmuJtYpG,207506,2005-01-01,69,0.548,0.554,9,-6.408,1,0.0587,0.283,0.0,0.0708,0.382,79.918
6NfrH0ANGmgBXyxgV2PeXt,La Difícil,4q3ewBCX7sLwd24euuV69X,spotify:album:5lJqux7orBlA1QzyiBGti1,163084,2020-02-28,94,0.685,0.848,8,-4.561,0,0.0858,0.0861,7.14e-06,0.0783,0.761,179.87
2IHLaN6wwYKQ3S24NsQqpA,I Love Me,6S2OmqARrzebs0tKUEyXyp,spotify:album:3VKVZ7PvA64NtVJChPGDaH,203672,2020-03-06,86,0.664,0.561,6,-7.031,1,0.0495,0.00261,0.0,0.0764,0.713,150.093
1ShHhJlzaLuoZbJ3aP4z0m,Invisible Things,5JZ7CnR6gTvEMKX4g70Amv,spotify:album:6EgJXcGqaUvgZIF9bqPXfP,197306,2020-03-06,79,0.733,0.552,7,-7.404,1,0.0993,0.0833,7.59e-06,0.141,0.279,125.311
5RsKelNxucrDxgMbZ3vd3W,Young & Alive,4GvEc3ANtPPjt1ZJllr5Zl,spotify:album:4UoEi8sYhfBkFEkvZDfb74,160465,2020-03-05,82,0.716,0.563,3,-5.486,1,0.0425,0.326,0.0,0.119,0.495,86.005
2ajzBr7vwHTEBeqDzcsNRC,That Way - Bonus Track,4O15NlyKLIASxsJ0PrXPfz,spotify:album:7IyoGB8J31fvQDwGtHAq9m,212354,2020-03-06,80,0.712,0.599,7,-5.368,0,0.0388,0.0554,0.0,0.154,0.503,130.007
4wJKGMBKvoyYhGo7bXVfTd,WANNABE,2KC9Qb60EaY0kW4eH68vr3,spotify:album:0YOshexRT4tVrbtidzSL3G,191242,2020-03-09,61,0.809,0.911,6,-4.41,0,0.0617,0.00795,0.000179,0.181,0.64,122.035
3uc8AGNL0KbvISIrjnfRvN,Mean It,5JZ7CnR6gTvEMKX4g70Amv,spotify:album:6EgJXcGqaUvgZIF9bqPXfP,232853,2020-03-06,81,0.746,0.45,7,-8.543,1,0.0872,0.0407,0.0,0.172,0.336,95.998
1Srt81FTalOhRw7t7l8Yh8,Tattoos Together,5JZ7CnR6gTvEMKX4g70Amv,spotify:album:6EgJXcGqaUvgZIF9bqPXfP,186613,2020-03-06,79,0.862,0.4,4,-7.486,1,0.0736,0.00575,7.49e-06,0.123,0.596,122.963
6tCssnvTUREcperDOUTqvA,WANNABE,2KC9Qb60EaY0kW4eH68vr3,spotify:album:2gertXS08whDTzBWfmewPO,191242,2020-03-09,85,0.809,0.911,6,-4.41,0,0.0617,0.00795,0.000179,0.181,0.64,122.035
1eyek0KJEh2v5HQ9uQSybb,Modern Loneliness,5JZ7CnR6gTvEMKX4g70Amv,spotify:album:6EgJXcGqaUvgZIF9bqPXfP,252337,2020-03-06,80,0.702,0.508,8,-7.105,1,0.035,0.144,0.0,0.108,0.143,82.008
09PGubKAMryhOWv1LHpCYz,"fuck, i'm lonely (with Anne-Marie)",5JZ7CnR6gTvEMKX4g70Amv,spotify:album:6EgJXcGqaUvgZIF9bqPXfP,198973,2020-03-06,82,0.81,0.547,9,-7.304,1,0.0616,0.46,0.0,0.0543,0.717,94.993
0s26En1JoJhVj32vizElpA,Feelings,5JZ7CnR6gTvEMKX4g70Amv,spotify:album:6EgJXcGqaUvgZIF9bqPXfP,189906,2020-03-06,79,0.701,0.392,9,-8.911,1,0.033,0.0578,0.0,0.0802,0.245,103.043
4vjpLMyL3ZO6aphdYr8XYw,i'm so tired...,5JZ7CnR6gTvEMKX4g70Amv,spotify:album:6EgJXcGqaUvgZIF9bqPXfP,162586,2020-03-06,82,0.585,0.736,11,-7.572,1,0.227,0.179,0.0,0.238,0.483,102.314
7cDpMO5wuWgvv3j4INRBeB,Changes,5JZ7CnR6gTvEMKX4g70Amv,spotify:album:6EgJXcGqaUvgZIF9bqPXfP,160186,2020-03-06,74,0.532,0.455,2,-8.366,1,0.156,0.452,0.0,0.237,0.204,148.182
4nK5YrxbMGZstTLbvj6Gxw,Supalonely,0Cp8WN4V8Tu4QJQwCN5Md4,spotify:album:3ZJSoxsPMkNC9eb6gUn0Q8,223480,2019-11-15,93,0.863,0.631,7,-4.689,1,0.0534,0.305,3.04e-05,0.123,0.817,128.977
5w4faQsr8wjIBBRDrZ6Udw,Patawad,0rZRTXEmmPmx6gt92tBqIc,spotify:album:3cXSfZKP4p0NTxup7ZY8fU,277480,2020-02-07,59,0.417,0.21,6,-9.4,1,0.033,0.412,0.0,0.104,0.144,127.009
39EXZNMxb4RBHlRjnRaOKp,Sweet Night,3JsHnjpbhX4SnySpvpa9DK,spotify:album:1q3j12Y1sp2eqqffSnyA93,214258,2020-03-13,80,0.462,0.339,3,-7.943,1,0.025,0.495,8.15e-06,0.0893,0.149,92.104
2sGF7DBXvL2GjkbG606m1G,No Judgement,1Hsdzj7Dlq2I7tHP7501T4,spotify:album:5gdoRB1AUsGnScCuZ8gmPp,176283,2020-03-13,73,0.723,0.726,1,-3.835,0,0.0472,0.0564,0.000126,0.057,0.962,100.051
7tQ2P3dP76bj1aSEfe8StO,Dantay,6gcteR920pLEynlHzjSRYd,spotify:album:02qNpe3vtTVHzGytclgmWe,292414,2020-02-14,61,0.386,0.36,2,-16.437,1,0.315,0.812,0.00195,0.0936,0.141,71.576
4EivmOT13NMpNSfTKn9p4s,Like That (feat. Gucci Mane),5cj0lLjcoR7YOSnhnX0Po5,spotify:album:1MmVkhiwTH0BkNOU3nw5d3,163173,2019-11-07,87,0.879,0.499,4,-6.027,0,0.18,0.24,0.0,0.0967,0.405,106.043
0iw0EuzmMKMYvZuQYW8DBA,Beautiful Scars,2Q9c6ETFOkDDTy53U7DIgr,spotify:album:7BlA5zKQZfCcyUIe7lfdSs,194757,2019-02-22,68,0.7,0.457,7,-8.667,1,0.0621,0.369,0.0,0.106,0.433,144.905
23jEeXRyrjFbfs2Q8tBwdI,Physical (feat. Hwa Sa),6M2wZ9GZgrQXHCFfjv46we,spotify:album:6apIJi4hf7U6cBOFwIqq1b,193696,2020-01-28,68,0.661,0.873,0,-3.333,1,0.0482,0.0288,0.00164,0.136,0.687,146.943
5Mw9bXG1dLNhbjofkVS2oR,Oceans (Where Feet May Fail),74cb3MG0x0BOnYNW1uXYnM,spotify:album:3A24aBx6jZCAgovIbZUubC,535962,2013-02-26,70,0.262,0.361,2,-10.187,1,0.0333,0.508,0.00268,0.108,0.056,126.784
0kPmcPPkjoyfLhUwHLWrk0,Blinding Lights,1Xyo4u8uXC1ZmMpatF05PJ,spotify:album:03NCvBIGqzLPhLoi4pDb3L,200040,2020-03-20,66,0.515,0.731,1,-5.934,1,0.0592,0.00146,9.59e-05,0.0897,0.336,171.004
2p8IUWQDrpjuFltbdgLOag,After Hours,1Xyo4u8uXC1ZmMpatF05PJ,spotify:album:4yP0hdKOZPNshxUOjY0cZj,361026,2020-03-20,85,0.664,0.572,5,-6.099,0,0.0305,0.0811,0.00604,0.121,0.143,108.959
7szuecWAPwGoV1e5vGu8tl,In Your Eyes,1Xyo4u8uXC1ZmMpatF05PJ,spotify:album:4yP0hdKOZPNshxUOjY0cZj,237520,2020-03-20,91,0.667,0.719,7,-5.371,0,0.0346,0.00285,8.1e-05,0.0736,0.717,100.021
6b5P51m8xx2XA6U7sdNZ5E,Alone Again,1Xyo4u8uXC1ZmMpatF05PJ,spotify:album:4yP0hdKOZPNshxUOjY0cZj,250053,2020-03-20,84,0.218,0.652,4,-7.953,0,0.0641,0.033,0.111,0.172,0.0599,65.375
6kWxIqQDsKFYCJGbU4AjCX,Hardest To Love,1Xyo4u8uXC1ZmMpatF05PJ,spotify:album:4yP0hdKOZPNshxUOjY0cZj,211400,2020-03-20,85,0.467,0.608,10,-7.847,1,0.0707,0.0909,8.83e-05,0.125,0.108,80.957
4BGZF4oLbTL0pWm7C18pbv,Scared To Live,1Xyo4u8uXC1ZmMpatF05PJ,spotify:album:4yP0hdKOZPNshxUOjY0cZj,191306,2020-03-20,84,0.504,0.498,0,-8.24,1,0.0499,0.131,0.0,0.0929,0.196,87.221
2K9Ovn1o2bTGqbsABGC6m3,Too Late,1Xyo4u8uXC1ZmMpatF05PJ,spotify:album:4yP0hdKOZPNshxUOjY0cZj,239973,2020-03-20,84,0.638,0.863,4,-5.221,0,0.132,0.052,5.46e-05,0.685,0.226,120.077
6bnF93Rx87YqUBLSgjiMU8,Heartless,1Xyo4u8uXC1ZmMpatF05PJ,spotify:album:4yP0hdKOZPNshxUOjY0cZj,198266,2020-03-20,84,0.537,0.746,10,-5.507,0,0.15,0.0236,1.01e-06,0.156,0.252,170.062
3WlbeuhfRSqU7ylK2Ui5U7,Snowchild,1Xyo4u8uXC1ZmMpatF05PJ,spotify:album:4yP0hdKOZPNshxUOjY0cZj,247186,2020-03-20,83,0.55,0.611,0,-7.475,1,0.137,0.162,6.88e-05,0.121,0.243,148.062
1sOW4PuG5X3Ie3EXUhAopJ,Escape From LA,1Xyo4u8uXC1ZmMpatF05PJ,spotify:album:4yP0hdKOZPNshxUOjY0cZj,355960,2020-03-20,83,0.404,0.524,5,-8.996,0,0.0593,0.0456,0.00316,0.199,0.168,145.74
5QO79kh1waicV47BqGRL3g,Save Your Tears,1Xyo4u8uXC1ZmMpatF05PJ,spotify:album:4yP0hdKOZPNshxUOjY0cZj,215626,2020-03-20,85,0.68,0.826,0,-5.487,1,0.0309,0.0212,1.24e-05,0.543,0.644,118.051
3orEOtd8CPL8GFlpRpKuoE,Faith,1Xyo4u8uXC1ZmMpatF05PJ,spotify:album:4yP0hdKOZPNshxUOjY0cZj,283226,2020-03-20,83,0.375,0.605,0,-7.268,0,0.0729,0.612,0.0448,0.147,0.128,175.946
0VjIjW4GlUZAMYd2vXMi3b,Blinding Lights,1Xyo4u8uXC1ZmMpatF05PJ,spotify:album:4yP0hdKOZPNshxUOjY0cZj,200040,2020-03-20,90,0.514,0.73,1,-5.934,1,0.0598,0.00146,9.54e-05,0.0897,0.334,171.005
4pP5xVUYEZljcmfyYFQXsx,Through The Years - Single Version,4tw2Lmn9tTPUv7Gy7mVPI4,spotify:album:0RlTMOUZMLq2Tmj6K9NgX6,286066,1981-06-15,68,0.587,0.393,0,-11.455,1,0.028,0.225,0.0,0.107,0.271,131.266
6SFeCisbYSqaQwL9hucoF2,You Decorated My Life,4tw2Lmn9tTPUv7Gy7mVPI4,spotify:album:3dJ7K3zS6Ux7OFAWcG8eWI,218133,1979-10-10,63,0.264,0.307,7,-12.36,1,0.0341,0.662,0.0,0.101,0.153,172.546
5vXsj8L4DK1gGQ43BBG028,We've Got Tonight,4tw2Lmn9tTPUv7Gy7mVPI4,spotify:album:50Mjw5tM0p8GZYT2sGgzIa,234560,1983-02-11,68,0.543,0.227,8,-11.247,1,0.0298,0.767,4.29e-05,0.103,0.292,123.548
24Yi9hE78yPEbZ4kxyoXAI,Roses - Imanbek Remix,0H39MdGGX6dbnnQPt6NQkZ,spotify:album:3GqSdhWjmMypMwPLtzoFYs,176840,2019-10-09,96,0.77,0.724,8,-5.484,1,0.0495,0.0167,0.0105,0.353,0.898,121.974
0GVKkD74xcixRYYG3zv1NL,Flower,1Do4bSzfUl0KWL9r1fITu0,spotify:album:23CJ3PKYKeljAzr1glLmAh,252133,2019-12-22,71,0.319,0.475,1,-7.16,1,0.0362,0.747,3.55e-06,0.107,0.192,139.22
5CDq3Ekm0E0c23S0mbEELV,Here I Am Again,6dhfy4ByARPJdPtMyrUYJK,spotify:album:476k6ufG2tovEGKDHolLSB,234840,2020-01-12,71,0.451,0.465,9,-4.493,1,0.0286,0.831,0.0,0.107,0.204,131.644
3BNwUaRo3w1teVSkd69sL8,Bounty,2iB7AJhJmkWkkehY9ccB0j,spotify:album:7tIw7KRQtZsDvHrGJUQeEv,354087,2020-02-10,61,0.847,0.584,0,-7.617,1,0.0412,0.0644,0.0,0.0804,0.235,132.009
7CHi4DtfK4heMlQaudCuHK,Lose Control,0xRXCcSX89eobfrshSVdyu,spotify:album:1qSOaTvsCOyFJya3v1UzkP,168387,2019-10-11,90,0.598,0.526,10,-8.659,0,0.0415,0.129,0.0,0.14,0.529,123.935
3R6Hl2e7hAyCfofRRToKAo,Malayo Ka Man,3r0NbTTxtCBUyxcIR4prXr,spotify:album:4B3cUBkyz5jDoFzL1Lo7N2,255042,2020-03-11,65,0.881,0.591,1,-9.137,1,0.0896,0.22,0.0,0.0901,0.54,102.991
6u8hSdYZxbK5EczDPRIXXf,Something New (feat. Ty Dolla $ign),137W8MRPWKqSmrBGDBFSop,spotify:album:0YFou4SbS16F4GhSADLDfz,200773,2018-07-13,75,0.814,0.635,7,-6.609,0,0.0809,0.0935,0.0,0.0892,0.784,87.581
7EoLMCwL7LfLsLF8acLpih,Landas,28B54RKpJrEmDoGSTjsfY6,spotify:album:0Q66wsJckZoOdDhdMSlXvy,310481,2020-03-06,62,0.43,0.547,2,-7.767,1,0.0287,0.222,1.92e-06,0.0842,0.121,149.841
2rRJrJEo19S2J82BDsQ3F7,Falling,7uaIm6Pw7xplS8Dy06V6pT,spotify:album:1Hy76RlNvOHe6cpih1RxXq,159381,2020-03-26,77,0.784,0.43,10,-8.756,0,0.0364,0.123,0.0,0.0887,0.236,127.087
1raaNykBg1bDnWENUiglUA,Break My Heart,6M2wZ9GZgrQXHCFfjv46we,spotify:album:368tzVdeju4vLSY8PHnQUs,221820,2020-03-25,85,0.73,0.729,4,-3.434,0,0.0886,0.167,1.39e-06,0.349,0.467,113.012
47UUjZbqZjcrzELnFBB1Ht,Teka Lang,3FwNjtXQCdxpDOXmgJQGnG,spotify:album:0rceew9Oyt5S1NCUaou2Zm,196582,2020-03-25,68,0.586,0.169,2,-15.515,1,0.0324,0.76,0.0,0.0909,0.197,87.003
55CHeLEfn5iJ0IIkgaa4si,Savage,181bsRPaVXVlUKXrxwZfHK,spotify:album:6Lo6ylJg4qbFfxicPEOzMI,155497,2020-03-06,89,0.843,0.741,11,-5.609,1,0.334,0.0252,0.0,0.096,0.68,168.983
3PfIrDoz19wz7qK7tYeu62,Don't Start Now,6M2wZ9GZgrQXHCFfjv46we,spotify:album:7fJJK56U9fHixgO0HQkhtI,183290,2020-03-27,86,0.794,0.793,11,-4.521,0,0.0842,0.0125,0.0,0.0952,0.677,123.941
017PF4Q3l4DBUiWoXk4OWT,Break My Heart,6M2wZ9GZgrQXHCFfjv46we,spotify:album:7fJJK56U9fHixgO0HQkhtI,221820,2020-03-27,86,0.73,0.729,4,-3.434,0,0.0886,0.167,1.39e-06,0.349,0.467,113.012
3AzjcOeAmA57TIOr9zF1ZW,Physical,6M2wZ9GZgrQXHCFfjv46we,spotify:album:7fJJK56U9fHixgO0HQkhtI,193829,2020-03-27,85,0.647,0.844,0,-3.756,1,0.0457,0.0137,0.000658,0.102,0.746,146.962
6D9DwqiHiMKmy2V7HvN6zs,Paalam,0rZRTXEmmPmx6gt92tBqIc,spotify:album:64cjwPaR72rW2Wzm9uWE3c,291108,2020-03-27,52,0.292,0.308,4,-7.562,1,0.0305,0.671,2.22e-06,0.102,0.198,98.487
5QJYLlZvfZHX1wUTrgROru,"Patawad, Paalam",0rZRTXEmmPmx6gt92tBqIc,spotify:album:64cjwPaR72rW2Wzm9uWE3c,323140,2020-03-27,52,0.472,0.288,2,-8.213,1,0.0318,0.865,1.01e-05,0.131,0.193,77.987
6zrJLhslleCHby0wbUnvVy,Future Nostalgia,6M2wZ9GZgrQXHCFfjv46we,spotify:album:7fJJK56U9fHixgO0HQkhtI,184881,2020-03-27,80,0.875,0.813,7,-4.502,1,0.0578,0.00618,0.0,0.321,0.859,114.994
39LLxExYz6ewLAcYrzQQyP,Levitating,6M2wZ9GZgrQXHCFfjv46we,spotify:album:7fJJK56U9fHixgO0HQkhtI,203807,2020-03-27,82,0.695,0.883,6,-2.286,0,0.0778,0.0533,0.0,0.213,0.907,103.014
4HDCLYli2SUdkq9OjmvhSD,BELIEVE IT,2HPaUgqeutzr3jx5a9WyDV,spotify:album:2T8UlI17u5hwTqu6zkpkW7,183219,2020-03-27,86,0.43,0.7,6,-5.35,1,0.264,0.0902,0.0,0.216,0.731,158.373
2nMOodYNHBAQ3Kc1QNimZU,Cool,6M2wZ9GZgrQXHCFfjv46we,spotify:album:7fJJK56U9fHixgO0HQkhtI,209583,2020-03-27,81,0.469,0.785,5,-4.015,0,0.0664,0.133,1.63e-06,0.0931,0.79,89.717
1nYeVF5vIBxMxfPoL0SIWg,Hallucinate,6M2wZ9GZgrQXHCFfjv46we,spotify:album:7fJJK56U9fHixgO0HQkhtI,208505,2020-03-27,82,0.627,0.69,10,-5.396,0,0.138,0.0325,0.0,0.0742,0.628,122.054
6ZMct78FDodlW1QEWlmVTB,Delubyo,30mZI7Hw2MhoarTVYxfyZM,spotify:album:0K721sVPuc3fvLdkrhWEKP,305085,2020-03-27,48,0.324,0.625,6,-13.563,1,0.548,0.901,0.00705,0.104,0.109,59.776
6DXZiYUbrYgrVIhfX3U9Z2,Pretty Please,6M2wZ9GZgrQXHCFfjv46we,spotify:album:7fJJK56U9fHixgO0HQkhtI,194607,2020-03-27,81,0.906,0.474,1,-6.124,1,0.194,0.0311,5.41e-06,0.286,0.654,106.977
4rPkN1FMzQyFNP9cLUGIIB,Love Again,6M2wZ9GZgrQXHCFfjv46we,spotify:album:7fJJK56U9fHixgO0HQkhtI,258004,2020-03-27,81,0.66,0.668,11,-4.668,0,0.0339,0.00173,2.85e-05,0.1,0.468,115.984
6tw7xpKrZm9vHfymxBc52E,Patawad,0rZRTXEmmPmx6gt92tBqIc,spotify:album:64cjwPaR72rW2Wzm9uWE3c,277480,2020-03-27,51,0.417,0.21,6,-9.4,1,0.033,0.412,0.0,0.104,0.144,127.009
4POHzEwNTCYaIvqCUp3NnO,Old Me,5Rl15oVamLq7FbSb0NNBNy,spotify:album:0vX2Jo5xhltAA7kVdW2hwO,186785,2020-03-27,80,0.721,0.62,0,-3.639,1,0.0483,0.313,0.0,0.26,0.473,127.979
6uAFJ75WDAoAPyCWJAtvks,Good In Bed,6M2wZ9GZgrQXHCFfjv46we,spotify:album:7fJJK56U9fHixgO0HQkhtI,218754,2020-03-27,80,0.727,0.701,5,-5.001,1,0.074,0.138,0.000191,0.168,0.653,94.027
0vQcyuMEfRBd21ojZ62N2L,Boys Will Be Boys,6M2wZ9GZgrQXHCFfjv46we,spotify:album:7fJJK56U9fHixgO0HQkhtI,166266,2020-03-27,79,0.766,0.485,3,-5.952,1,0.0349,0.41,0.0,0.102,0.522,124.99
78qd8dvwea0Gosb6Fe6j3k,Boss Bitch,5cj0lLjcoR7YOSnhnX0Po5,spotify:album:4pmyFpGicLLIgNPc1TQXKc,134239,2020-01-23,90,0.707,0.955,10,-4.593,0,0.222,0.127,0.0,0.202,0.575,125.989
2WweTKhQ0GaXlyXOzj4NE2,Huwag Ka Sanang Magagalit,30mZI7Hw2MhoarTVYxfyZM,spotify:album:0K721sVPuc3fvLdkrhWEKP,294880,2020-03-27,50,0.517,0.516,1,-8.681,1,0.0286,0.59,0.0389,0.141,0.241,79.979
4wJ5SjIkViEQEu95U8oyLt,Mabagal,5yVM85m9yNcHO6o0vaaVxW,spotify:album:64cjwPaR72rW2Wzm9uWE3c,226727,2020-03-27,49,0.356,0.339,5,-10.893,0,0.0369,0.508,3.28e-06,0.355,0.287,74.975
353IDEfNzPJmGNRnOi5kJ1,Wildflower,5Rl15oVamLq7FbSb0NNBNy,spotify:album:0vX2Jo5xhltAA7kVdW2hwO,220536,2020-03-27,78,0.643,0.768,6,-4.316,1,0.0455,0.174,0.0,0.469,0.597,108.992
62aP9fBQKYKxi7PDXwcUAS,ily (i love you baby) (feat. Emilee),1lmU3giNF3CSbkVSQmLpHQ,spotify:album:4MHHajvRTUHItDsvfdIC8B,176546,2019-11-26,84,0.674,0.774,11,-7.567,0,0.0892,0.0686,0.00188,0.393,0.33,112.05
3fEoJxnPpfIHwFHKiFtqbA,Break Up Song,3e7awlrlDSwF3iM0WBjGMp,spotify:album:0JFTISfgRQyeH5kSAFPgtq,200299,2020-03-27,78,0.626,0.749,5,-5.406,1,0.0443,0.00515,0.0,0.215,0.6,90.033
1EEsKj8lQKZwaFXJ5GFsdk,War,4DAcJXcjX0zlQAZAPAx4Zb,spotify:album:7xCcuTA3abKwxj8HwgxP7R,228004,2019-05-12,60,0.652,0.266,7,-11.453,1,0.0264,0.874,0.00523,0.0974,0.28,92.993
2alc8VZAzDgdAsL2QMk3hu,Skechers,3O5HD95HTEPgoPFOjAb7yV,spotify:album:4a50hfH6HJQywmghPYnRRW,106000,2020-01-12,81,0.903,0.327,1,-9.727,1,0.0876,0.26,0.011,0.108,0.274,100.008
3frUvGrmGcay91lvFbOgsN,Like It Is,23fqKkggKUBHNkbKtXEls4,spotify:album:0lWWqdcdtFgSd1j06F9JZC,183067,2020-03-27,85,0.794,0.728,1,-6.759,1,0.114,0.121,8.82e-06,0.227,0.36,105.024
127QTOFJsJQp5LbJbu3A1y,Toosie Slide,3TVXtAsR1Inumwj472S9r4,spotify:album:3xIwVbGJuAcovYIhzbLO3J,247058,2020-04-03,90,0.834,0.454,1,-9.75,0,0.201,0.321,6.15e-06,0.114,0.837,81.618
3lWzVNe1yFZlkeBBzUuZYu,Bella Ciao - Música Original de la Serie la Casa de Papel/ Money Heist,2TJHmhbmT7L3gw2NKyDTHh,spotify:album:05Ng00IfiS6xeyQX8WtjHU,139844,2018-04-20,75,0.46,0.564,9,-10.329,0,0.0343,0.538,0.0,0.191,0.962,135.178
13iMiwdY7pgE1f7NwYKr1D,Renee's Song,4GvEc3ANtPPjt1ZJllr5Zl,spotify:album:0WuZ8xp4MRsvNfYeN0M33G,130545,2020-04-01,71,0.593,0.229,9,-8.888,1,0.0307,0.794,0.0,0.167,0.42,117.823
